programme;transaction;tp
PAAUSV02;AU02;gestionDemandeAnnulation
PAAUSV04;AU04;miseAJourCCPI
PAAUSV06;AU06;miseAJourCLEU
PAAUSV09;AU09;miseAJourLienURAURA
PAAUSV11;AU11;miseAJourPVAL
PAAUSV14;AU14;rechercheDetailCLEU
PAAUSV15;AU15;rechercheDetailLienURAURA
PAAUSV17;AU17;rechercheLiensURAURA
PAAUSV18;AU18;recherchePVALCVAL
PAAUSV19;AU19;rechercheSuiviDemande
PAAUSV21;AU21;rechercheTableReference
PAAUSV23;AU23;rechercheDerniereDateFlux
PAAUSV25;AU25;rechercheInstitutionGroupe
PAAUSV27;AU27;rechercheDetailMouvement
PAAUSV46;AU46;declenchementDesMisesAJourDAdherentDifferees
PAAUSV47;AU47;miseAJourSuiviINSEE
PAAUSV48;AU48;rechercheDetailMouvementsINSEEAURA
PAAUSV49;AU49;rechercheLotsRecus
PAAUSV50;AU50;rechercheMouvementsINSEEAURA
PAAUSV51;AU51;rechercheStatistiquesReception
PAAUSV52;AU52;gestionDemandeDeTableDeReference
PAAUSV54;AU54;miseAJourCVAL
PAAUSV57;AU57;correctionRecyclage
PAAUSV58;AU58;correctionRejet
PAAUSV59;AU59;gestionForcage
PAAUSV60;AU60;gestionDemandeRenumerotationContrat
PAAUSV61;AU61;miseAJourAnomalieInterne
PAAUSV62;AU62;rechercheAnomaliesInternes
PAAUSV63;AU63;rechercheDoublesAdhesions
PAAUSV64;AU64;rechercheDesMouvementsDUnLot
PAAUSV65;AU65;rechercheMouvementsAdherent
PAAUSV66;AU66;rechercheDesMouvementsRejetes
PAAUSV67;AU67;rechercheDesRecyclages
PAAUSV68;AU68;rechercheDesStatistiquesDEmission
PAAUSV69;AU69;rechercheDetailAnomalieInterne
PAAUSV70;AU70;rechercheDetailRecyclage
PAAUSV71;AU71;rechercheDetailForcage
PAAUSV72;AU72;rechercheDuDetailDUnRejet
PAAUSV73;AU73;rechercheForcages
PAAUSV74;AU74;rechercheLotTransmis
PAAUSV75;AU75;rechercheNotificationDePriseDeContrat
PAAUSV76;AU76;rechercheRenumerotationContrat
PAAUSV77;AU77;rechercheSyntheseCPNCPI
PAAUSVE3;AUE3;rechercheDetailRejetCompetence
PAAUSVE4;AUE4;rechercheRejetsCompetence
PAAUSVE7;AUE7;rechercherContratReferenceAdhesion
PAAUSVG0;AUG0;miseAJourMvtsRappaura
PAAUSVG1;AUG1;rechercheMvtsRappaura
PACOSV04;AO04;restituerSignalitiqueReduiteBAC
PACOSV08;AO08;gereCreerTache
PACOSV09;AO09;consulterParticulariteReglementaire
PACOSV10;AO10;filterContenuDV
PACOSV12;AO12;rechercherListeDomaineValeur
PACOSV14;AO14;restituerTauxDevise
PACOSV18;AO18;rechercherParticulariteReglementaireTierMandataire
PACOSV23;AO23;rechercherCorrespondanceMotifFinEntp
PACOSV24;AO24;restituerDVCodeTypeGestion
PACOSV25;AO25;controlerDVCodeTypeGestion
PACOSV26;AO26;rechercheCycleDeVieBodacc
PACOSV27;AO27;consulterParamEditionCourrierReclam
PACPSV01;ZP01;consulterGarantieCatalogueProduits
PACPSV02;ZP02;consulterGarantieReferencee
PACPSV04;ZP04;consulterContratReference
PACPSV06;ZP06;rechercherCategoriesProfessionnellesReferencees
PACPSV07;ZP07;consulterCategorieProfessionnelleReferencee
PACPSV08;ZP08;rechercherContratsReferences
PACPSV09;ZP09;creerContratReference
PACPSV10;ZP10;rechercherGarantiesReferencees
PACPSV11;ZP11;supprimerCategorieProfessionnelleReferencee
PACPSV12;ZP12;modifierCategorieProfessionnelleReferencee
PACPSV13;ZP13;creerCategorieProfessionnelleReferencee
PACPSV14;ZP14;supprimerContratReference
PACPSV15;ZP15;rechercherConditionsAdhesionReferencees
PACPSV16;ZP16;modifierContratReference
PACPSV17;ZP17;consulterConditionAdhesionReferencee
PACPSV20;ZP20;rechercheDesProduitsReferences
PACPSV21;ZP21;rechercheDetailProduitReference
PACPSV22;ZP22;miseAJourProduitReference
PACPSV24;ZP24;modifierConditionAdhesionReferencee
PACPSV25;ZP25;gestionSecteurActivite
PACPSV26;ZP26;rechercheDesDepartements
PACPSV27;ZP27;gestionParticulariteGeographique
PACPSV28;ZP28;rechercheConditionsAdhesion
PACPSV29;ZP29;rechercheDetailConditionAdhesion
PACPSV30;ZP30;rechercheAmendement
PACPSV31;ZP31;creerConditionsAdhesionReferencees
PACPSV32;ZP32;supprimerConditionAdhesionReferencee
PACPSV41;ZP41;rechercheGarantiesStandard
PACPSV42;ZP42;rechercheDetailConditionsInterlocutionProduit
PACPSV43;ZP43;rechercheRattachementGaranties
PACPSV44;ZP44;gestionConditionAdhesion
PACPSV45;ZP45;gestionAmendement
PACPSV46;ZP46;majRattachementAdhesion
PACPSV47;ZP47;majConditionInterlocutionProduit
PACPSV48;ZP48;rechercheSuiviCatalogueProduits
PACPSV49;ZP49;initialisationDateSelectionEvenement
PACPSV51;ZP51;rechercherParametrageEdition
PACPSV53;ZP53;rechercherTauxAppel
PACPSV55;ZP55;supprimerGarantieReferencee
PACPSV56;ZP56;listerReglesCalcul
PACPSV58;ZP58;mettreAJourRelevementTauxPlanifie
PACPSV59;ZP59;consulterOperationRelevementTauxPlanifie
PACPSV62;ZP62;rechercherParametrageEditionGarantie
PACPSV63;ZP63;consulterDetailOperationRelevementTauxPlanifie
PACPSV64;ZP64;consulterCompteRenduListeProduits
PACPSV65;ZP65;consulterStatistiquesRelevementTaux
PACPSV66;ZP66;rechercherAdherentSelonCriteresRelevementTaux
PACPSV69;ZP69;rechercherProduitsIndividuelReferences
PACPSV72;ZP72;rechercherGarantieAdhesion
PACPSV73;ZP73;modifierGarantieReferencee
PACPSV74;ZP74;creerGarantieReferencee
PACPSV77;ZP77;modifierParametrageEdition
PAGASV07;GA07;rechercherMulticritereAdhesionCollective
PAGASV08;GA08;rechercherMulticritereAdhesionIndividuelle
PAGASV09;GA09;rechercherCategorieProfessionnelleContratAdhesion
PAGASV10;GA10;modifierPeriodeCategorieContrat
PAGASV11;GA11;rechercherCARAdhesion
PAGASV12;GA12;ajouterGarantieAdhesion
PAGASV14;GA14;rechercherCategorieContratAAmender
PAGASV15;GA15;rechercherCARAAmender
PAGASV16;GA16;rechercherDonneesContratCatProAdhesion
PAGASV17;GA17;consulterInstitutionOrigineContrat
PAGASV18;GA18;modifierContratCategorieInstitution
PAGASV19;GA19;majContratCategorieInstitution
PAGASV20;GA20;ajouterCotisation
PAGASV22;GA22;rechercherRistourneSurprime
PAGASV23;GA23;gererPeriodesRistourneSurprime
PAGASV24;GA24;ajouterRistourneSurprime
PAGASV26;GA26;rechercherTauxValidation
PAGASV31;GA31;gererModificationTauxValidation
PAGASV32;GA32;modifierPeriodeGarantie
PAGASV33;GA33;supprimerGarantie
PAGASV34;GA34;supprimerCategorieContrat
PAGASV35;GA35;modifierAdhesion
PAGASV55;GA55;rechercherAdhesionActive
PAGASV60;GA60;consulterConditionAdhesion
PAGASV62;GA62;consulterSyntheseAdhesion
PAGASV63;GA63;consulterAdhesion/consulterAdhesionPourGestion
PAGASV64;GA64;rechercherModaliteAdhesion
PAGASV65;GA65;consulterBlocNotes
PAGASV70;GA70;rechercherSuiviAdhesion
PAGASV71;GA71;rechercherDonneesDestinataireRecapitulatif
PAGASV72;GA72;rechercherDonneesRecapitulatif
PAGASV77;GA77;creerAdhesionCollective
PAGASV79;GA79;creerConditionAdhesionCollective
PAGASV81;GA81;rechercherAdhesion
PAGASV87;GA87;rechercherConditionAdhesionProduit
PAGASV88;GA88;consulterOptionInterlocutionAdhesion
PAGASV89;GA89;calculerAutoConditionInterlocution
PAGASV90;GA90;creerConditionInterlocutionCollective
PAGASV94;GA94;rechercherCARCatalogueProduits
PAGASV95;GA95;reorganiserPeriodesGarantie
PAGASV96;GA96;creerContratCategorieProfessionnelle
PAGASV98;GA98;consulterPeriodesGarantie
PAGASV99;GA99;rechercherCategorieContratAMettreAJour
PAGASVA0;GAA0;mettreEnGestionAdhesion
PAGASVA1;GAA1;rechercherLiensInterAdhesion
PAGASVA2;GAA2;rechercherLiensInterPopulation
PAGASVA3;GAA3;mettreAJourLiensInterAdhesion
PAGASVA4;GAA4;mettreAJourLiensInterPopulation
PAGASVA5;GAA5;calculerImpactSuppressionCategorieContrat
PAGASVA6;GAA6;rechercherPeriodesGarantieAAmender
PAGASVA7;GAA7;consulterLienPopulationEtablissement
PAGASVA8;GAA8;consulterParametrageSommeil
PAGASVA9;GAA9;lancerSelectionSommeil
PAGASVB1;GAB1;consulterListeAdherentEligibleSommeil
PAGASVB2;GAB2;lancerSommeilMasse
PAGASVB4;GAB4;consulterSuiviSommeil
PAGASVB5;GAB5;lancerSommeilUnitaire
PAGASVB7;GAB7;rechercherListeRetourEnquete
PAGASVB8;GAB8;modifierEnqueteSommeil
PAGASVB9;GAB9;forcerSuppressionLienInterAdhesionInterPopulationOut
PAGASVC0;GAC0;creerSuiviEvenementCycleVieEntreprise
PAGASVC1;GAC1;editerCertificatAdhesion
PAGASVC2;GAC2;rechercherMotifsFin
PAGASVCD;GACD;creerTache
PAGASVCG;GACG;editerRecapitulatifConditionsAdhesion
PAGASVCJ;GACJ;rechercherAdhesionAdherent
PAGASVCL;GACL;rechercherFLuxAIA
PAGASVCM;GACM;miseAJourFluxAIA
PAGASVCN;GACN;controlerDemandeAdhesionAIA
PAGASVCO;GACO;editerConfirmationAIA
PAGASVCT;GACT;impactEntreprise
PAGASVCX;GACX;controleCoherenceGaranties
PAGASVCY;GACY;creerAdhesionIndividuelle
PAGASVCZ;GACZ;creerConditionAdhesionIndividuelle
PAGASVD0;GAD0;rechercherNombreJour
PAGASVD6;GAD6;faisabiliteModifidificationConditionAdhesion
PAGASVD7;GAD7;editerCourrierSimple
PAGASVD9;GAD9;miseAJourFluxAIAChapeau
PAGASVDB;GADB;calculStockAIA
PAGASVDD;GADD;gererLienAdhesionEmployeur
PAGASVDE;GADE;modifierAdhesionIndividuelle
PAGASVDI;GADI;consulterSalaireAnnuelExpatriation
PAGASVDJ;GADJ;consulterOptionInterlocutionAdhesionIndividuelle
PAGASVDK;GADK;controlerCoherenceOperationJuridique
PAGASVDL;GADL;creerConditionInterlocutionStandardAdhesionNouvelle
PAGASVDN;GADN;restituerListeEtablissementsAvecAdresse
PAGASVDO;GADO;restituerListeAdhesionsLiees
PAGASVDP;GADP;rechercherCategorieProfessionnelleContratReference
PAGASVDS;GADS;restituerTousLiensInterlocutionAdhesion
PAGASVDU;GADU;listeInsitutionOrigineAdhesion
PAGASVDW;GADW;consulterParametrageRecapitulatif
PAGASVE0;GAE0;supprimerOperationJuridique
PAGASVF1;GAF1;consulterEvenementBodacc
PAGASVF5;GAF5;majSuiviBodacc
PAGASVF6;GAF6;rechercherEvenementBodacc
PAGASVG0;GAG0;restituerListeAdhsPourAdhrOut
PAGASVG3;GAG3;consulterAnoHistorisee
PAGASVG4;GAG4;consulterTauxHistorise
PAUESV07;UE07;consulterModalitesUECompte
PAUESV40;UE40;listeDetailleePopulationsSurAdhesion
PAUESV41;UE41;historiqueModalitesPopulation
PAUESV42;UE42;historiqueEffectifPopulation
PAUESV43;UE43;historiqueSeuilsArticles36
PAUESV44;UE44;historiqueUEDPopulation
PAUESV46;UE46;historiqueRattachementsEtablissementsPopulation
PAUESV47;UE47;rechercherConventionsCollectives
PAUESV48;UE48;mAJEffectifPopulation
PAUESV51;UE51;mAJSeuilsArticle36
PAUESV53;UE53;consulterBandeauBAC
PAUESV57;UE57;creerLienInterlocution
PAUESV66;UE66;modifierUE
PAUESV67;UE67;majLienMandataireUE
PAUESV70;UE70;rechercherLiensInterlocution
PAUESV71;UE71;rechercherLiensMandataireUE
PAUESV74;UE74;rechercherSousEnsembleUE
PAUESV75;UE75;consulterModalitesUEDN
PAUESV79;UE79;listeDetailleeUEDNSurAdhesion
PAUESV81;UE81;rechercherLienEtablissement
PAUESV82;UE82;mAJModalitesUEDN
PAUESV87;UE87;rechercherModalitesUEMandataire
PAUESV88;UE88;modifierSousEnsembleUE
PAUESV89;UE89;majModalitesUEMandataire
PAUESV92;UE92;listeDetailleeUECompteSurAdhesion
PAUESV93;UE93;mAJModalitesUECompte
PAUESV95;UE95;creerLienMandataireUE
PAUESV96;UE96;modifierLienMandataireUE
PAUESV99;UE99;modifierLibellePopulation
PAUESVA0;UEA0;rechercherEtablissementsNonAffectes
PAUESVA3;UEA3;mAJManuelleConditionsInterlocution
PAUESVA4;UEA4;consulterConditionsInterlocution
PAUESVA5;UEA5;consulterObjetInterlocution
PAUESVA6;UEA6;modifierStructureInterlocutionStandard
PAUESVAD;UEAD;creerAutomatiquementConditionsInterlocution
PAUESVAH;UEAH;initialisationStructureInterlocutionALaCarte
PAUESVAI;UEAI;consulterEnTeteSeuilArticle36
PAUESVAJ;UEAJ;priseEnCompteMiseAJourEtablissement
PAUESVAL;SA01;modificationPeriodeInterlocution
PAUESVAM;UEAM;controleFaisabiliteTraitement
PAUESVAN;UEAN;prepaAnnulationConditionsInterlocution
PAUESVAO;UEAO;restituerDerniereModifcationStructureInterloction
PAUESVAU;UEAU;restituerIndicateursPopulation
PAUESVB5;UEB5;listerEtablissementsUE
PAUESVB7;UEB7;gererModalitesPopulations
PAUESVB8;UEB8;modifierLienInterlocution
PAUESVB9;UEB9;initialisationIndicateursPopulation
PAUESVC1;UEC1;miseAJourStructureConditionInterlocutionAjoutCatPro
PAUESVC2;UEC2;annulEtMiseAJourStructureConditionInterlocutionAuto
PAUESVC3;UEC3;annulEtMiseAJourStructureConditionInterlocutionManuel
PAUESVC4;UEC4;editerRecapitulatifConditionInterlocution
PAUESVC6;UEC6;consulterUE
PAUESVCB;UECB;annulationDernieresConditionsInterlocution
PAUESVCG;UECG;creerConditionInterlocutionIndividuelle
PAUESVCJ;UECJ;majStructureConditionInterlocutionManuelleAjoutCatPro
PAUESVCK;UECK;rechercherExistenceRattachementSousEnsembleUE
PAUESVCQ;UECQ;initialisationStructureInterlocutionALaCarteExistante
PAUESVCU;UECU;rechercherEtablissementsNonAffectesCAR
PAUESVCW;UECW;controleFaisabiliteGestionStructureInterlocution
PAUESVD3;UED3;rechercherEtablissementsADate
PAUESVD4;UED4;rechercherDateFermeture
PAUESVD5;UED5;gereRataEtabPopALaCarte
PAUESVD6;UED6;gerePopALaCarte
PAUESVD7;UED7;gereRataPopALaCarte
PAUESVD8;UED8;gereUedALaCarte
PAUESVD9;UED9;gereUedUecALaCarte
PAUESVDA;UEDA;gereUecALaCarte
PAUESVDB;UEDB;purgeTableTempALaCarte
PAUESVDC;UEDC;gereElemsClasArticle36
PB00SV03;0003;restituerInformationObjetGestion
PB00SV05;0005;restituerInformationAuteur
PB00SV07;0007;rechercherTypeObjetGestion
PB00SV15;0015;lectureParametreTechnique
PB00SV21;0021;restituerDetailObjetGestion
PBCTSV02;ZT02;recupererJeuParametresActifs
PBGESV01;GE01;posterCRE
PBGESV16;GE16;rechercherCRE
PBGESV17;GE17;rechercherCRENotifie
PBGESV24;GE24;listerNatureTypeEvenement
PBGHSV05;GH05;listerRessourcesGraphiquesApplicationUtilisateur
PBGHSV11;GH11;verifierPresenceRessource
PBGHSV15;GH15;verifierHabilitationFonction
PBGHSV17;SB02;verifierDroitAccesObjetProtege
PBGHSV18;GH18;verifierHabilitationFonctionTache
PBGHSV19;GH19;verifierHabilitationSurFonctionEtContexte
PBGHSV20;GH20;verifierPresenceRessourceLong
PBGHSV22;GH22;listerFonctionsApplicationUtilisateur
PBGHSV25;GH25;listerApplicationsSurCriteres
PBGHSV26;GH26;listerFonctionsSurCriteres
PBGHSV28;GH28;restituerTypeActeurHabilitations
PBGHSV29;GH29;fermerDroitsUtilisateur
PBGHSV31;GH31;verifierHabilitationObjetGestion
PBGHSV34;GH34;listerProfilsUsageSurCriteres
PBGHSV35;GH35;listerRessourcesSurCriteres
PBGHSV37;GH37;supprimerProfilUsage
PBGHSV38;GH38;listerProfilsMetierSurCriteres
PBGHSV39;GH39;listerEGPourHabilitations
PBGHSV40;GH40;listerUtilisateursPourHabilitations
PBGHSV43;GH43;creerEnregProtectionAdherent
PBGHSV44;GH44;listerEnregsProtectionAdherent
PBGHSV50;GH50;supprimerProfilMetier
PBGHSV51;GH51;creerModifierDetailProfilUsage
PBGHSV52;GH52;restituerLiensProfilUsageRessources
PBGHSV53;GH53;restituerLiensProfilUsageFonction
PBGHSV54;GH54;creerModifierLiensProfilUsageFonction
PBGHSV55;GH55;creerModifierLiensProfilUsageRessource
PBGHSV56;GH56;restituerLiensProfilMetierProfilUsage
PBGHSV57;GH57;creerModifierDetailProfilMetier
PBGHSV58;GH58;creerModifierLiensProfilMetierProfilUsage
PBGHSV59;GH59;restituerLiensProfilMetierEntiteGestion
PBGHSV60;GH60;creerModifierLiensProfilMetierEntiteGestion
PBGHSV61;GH61;restituerLiensProfilMetierUtilisateur
PBGHSV62;GH62;creerModifierLiensProfilMetierUtilisateur
PBGHSV63;GH63;restituerLiensDAOPUtilisateur
PBGHSV64;GH64;creerModifierLiensDAOPUtilisateur
PBGHSV75;GH75;listerRessourcesMetierApplicationUtilisateur
PBGHSV76;GH76;restituerDetailProfilUsage
PBGHSV77;GH77;restituerDetailProfilMetier
PBGHSV78;GH78;restituerListeBriques
PBGHSV79;GH79;restituerListeQuartiers
PBGHSV81;GH81;cartographierApplications
PBGHSV82;GH82;cartographierPU
PBGHSV83;GH83;cartographierPM
PBGHSV84;GH84;cartographierUtilisateurs
PBGHSV85;GH85;cartographierDAOP
PBGHSV86;GH86;cartographierEG
PBGHSV87;GH87;verifierHabilitationsSurFonctionEtObjets
PBGHSV88;GH88;verifierHabilitationsSurFonctionEtUnObjet
PBGOSV02;GO02;consulterAppartenanceUserAEG
PBGOSV04;GO04;controlerExistenceEG
PBGOSV05;GO05;restituerListeDomainesActivite
PBGOSV06;GO06;restituerListeDesEG
PBGOSV07;GO07;restituerEGPourRoleUtilisateur
PBGOSV14;GO14;fermerLienUserEG
PBGOSV16;GO16;restituerUtilisateurPourRoleEG
PBGOSV17;GO17;restituerListeEGNonRattachees
PBGOSV18;GO18;creerDomaineActivite
PBGOSV20;GO20;initialiserMajDomaineActivite
PBGOSV21;GO21;mettreAJourDomaineActivite
PBGOSV22;GO22;creerEG
PBGOSV24;GO24;initialiserRattachUserAEG
PBGOSV26;GO26;creerRattachementUsersAEG
PBGOSV28;SB17;initialiserListeSelectionEG
PBGOSV29;GO29;initialiserMAJEG
PBGOSV30;GO30;initialiserHierarchieEG
PBGOSV32;GO32;mettreAJourEG
PBGOSV33;GO33;mettreAJourHierarchie
PBGOSV34;GO34;restituerListeEGValides
PBGOSV35;SB23;mettreAJourRole
PBGOSV36;GO36;restituerListeTypesRole
PBGOSV38;GO38;mettreAJourInfoUser
PBGOSV39;GO39;rechercherUtilisateursSelonCriteres
PBGOSV40;SB27;restituerCoordonnees
PBGOSV41;GO41;restituerListeEGPourDomaine
PBGOSV42;GO42;initialiserMajRole
PBGOSV44;GO44;initialiserConsultationEG
PBGOSV47;GO47;initialiserEGRattacheAUser
PBGOSV48;GO48;restituerListeCoordonnees
PBGOSV49;GO49;consulterAdresse
PBGOSV50;GO50;mettreAJourParamInterlocution
PBGOSV51;GO51;restituerIdTechPourIdFoncOut
PBGOSV53;GO53;restituerListeParamInterlocution
PBGOSV55;GO55;restituerEGPourUser
PBGOSV56;GO56;restituerEGSousTraiteesCorbeille
PBGOSV57;SB77;restituerGroupeInstallation 
PBGOSV59;GO59;mettreAJourInterim
PBGOSV60;GO60;restituerInterims
PBGOSV61;GO61;restituerTitulairesPourRemplacant
PBGOSV62;GO62;restituerListeModeleDocument
PBGPSV01;GP01;attribuerPortefeuilleAvecCriteres
PBGPSV02;GP02;attribuerPortefeuilleSansCriteres
PBGPSV07;SB43;controlerPortefeuillePourUser
PBGPSV09;SB44;restituerStructureRegle
PBGPSV10;SB45;rechercherPortefeuillesPourDomaine
PBGPSV11;SB46;initialiserConsultationRegle
PBGPSV14;GP14;creerRegle
PBGPSV15;SB47;initialiserValorisationRegle
PBGPSV16;GP16;initialiserDateDebutValiditeRegle
PBGPSV17;GP17;initialiserDuplicationRegle
PBGPSV19;GP19;controlerEGEstEGParDefaut
PBGPSV20;GP20;initialiserVersionRegle
PBGPSV22;GP22;modifierRegle
PBGPSV24;GP24;restituerListeCriteres
PBGPSV25;GP25;restituerListeRegles
PBGPSV26;GP26;valoriserRegle
PBGPSV27;GP27;creerModifierValorisation
PBGPSV29;#N/A;cloturerEGDefaut
PBGPSV30;#N/A;initialiserStructureRegle
PBGPSV31;GP31;creerEGDefautPourDomaine
PBGPSV32;GP32;initialiserListeDAEtEGDefaut
PBGPSV33;GP33;modifierEGDefautPourDomaine
PBGPSV34;GP34;restituerHistoEGDefautPourDomaine
PBGPSV35;GP35;consulterPortefeuilles
PBGPSV36;GP36;rechercherPortefeuille
PBGPSV40;GP40;restituerValorisationItem
PBGPSV45;GP45;supprimerPortefeuille
PBGPSV46;GP46;controlerImpactModificationCritere
PBGPSV47;GP47;forcerPortefeuille
PBGPSV52;GP52;controlerValorisationRegle
PBGPSV53;GP53;dupliquerValoRegle
PBGPSV56;GP56;controlerPortefeuilles
PBGPSV58;GP58;rechercherPortefeuillesMultiCriteres
PBGSSV29;GS29;existenceUtilisateur
PBGSSV30;GS30;listerUtilisateurs
PBGSSV31;GS31;recupererInformationsListeUtilisateur
PBGSSV32;GS32;recupererInformationsUtilisateur
PBGSSV33;GS33;recupererInformationsUtilisateurConnecte
PBGSSV34;GS34;recupererInformationsUtilisateur
PBGSSV34;GS34;recupererInformationsUtilisateur
PBGSSV34;GS34;recupererInformationsUtilisateur
PBGSSV35;GS35;listerUtilisateurs
PBGSSV36;SB48;recupererInformationsListeUtilisateur
PBGSSV38;GS38;listerUtilisateurs
PBGSSV39;GS39;creerUtilisateur
PBGSSV40;GS40;fermerUtilisateur
PBGSSV41;GS41;modifierUtilisateur
PBGSSV42;GS42;reactiverUtilisateur
PBGSSV43;GS43;supprimerUtilisateur
PBGSSV44;GS44;suspendreUtilisateur
PBGSSV45;GS45;recupererUtilisateurParLogin/webServiceConsulterUtilisateur
PBGSSV46;SB78;recupererInformationsUtilisateurParLoginDateEffet
PBGSSV47;#N/A;importerUtilisateur
PBGSSV49;GS49;webServiceCreerUtilisateur
PBGSSV50;GS50;webServiceFermerUtilisateur
PBGSSV51;GS51;webServiceModifierUtilisateur
PBGSSV52;GS52;webServiceReactiverUtilisateur
PBGSSV54;GS54;webServiceSuspendreUtilisateur
PBGSSV55;GS55;lireHistoriqueLienUtilisateurEntiteGestion
PBGTSV01;GT01;creerTache
PBGTSV02;GT02;modifierTache
PBGTSV06;GT06;restituerDetailsTache
PBGTSV17;GT17;reaffecterTache
PBGTSV18;GT18;compterTaches
PBGTSV19;GT19;rechercherTaches
PBGTSV20;GT20;compterTachesIA
PBGTSV22;GT22;rechercherTachesNonTraitees
PBGTSV24;GT24;listerTaches
PBGTSV27;GT27;rechercherEtReaffecterTachesPourDemandeTravail
PBPASV01;PA01;fermerFonction
PBPASV02;PA02;sauvegarderLancementFonction
PBPASV05;PA05;restituerProprietesEtParametresFonction
PBPASV06;PA06;restituerArborescenceFonctionsUR
PBPASV10;PA10;verifierValiditeCodeExpert
PBPASV11;PA11;creerContexteInterFonction
PBPASV13;PA13;restituerHistoriqueContextesInterFonction
PBPASV14;PA14;supprimerHistoriqueContextesInterFonction
PBPASV15;PA15;purgerHistoriqueLancements
PBPASV16;PA16;restituerHistoriqueLancementsFonctions
PBPASV17;PA17;supprimerHistoriqueLancementsFonctions
PBPASV18;PA18;mettreAJourDateCreationContexte
PBPASV19;PA19;restituerConsignesEntiteGestion
PBPASV20;PA20;restituerConsignesResponsableEG
PBPASV21;PA21;creerConsigne
PBPASV22;PA22;mettreAJourConsigne
PBPASV23;PA23;supprimerConsignes
PBPASV27;PA27;restituerArborescenceFonctionsURProprietesTechniquesEtParametres
PBPASV29;PA29;creerFavoriFonction
PBPASV30;PA30;restituerFavorisFonctions
PBPASV31;PA31;sauvegarderFavorisFonctions
PBPASV32;SB49;supprimerFavorisFonctions
PBPASV33;PA33;creerFavoriContexteInterFonction
PBPASV34;PA34;restituerFavorisContextesInterFonction
PBPASV35;SB50;supprimerFavorisContextesInterFonction
PBPASV36;PA36;sauvegarderFavorisContextesInterFonction
PBPASV40;PA40;sauvegarderListeFonctionsLancees
PBPASV41;PA41;sauvegarderListeContextesInterFonctions
PBPASV42;PA42;mettreAJourDateCreationListeContextes
PBPASV43;PA43;compterTachesIA
PBPASV45;PA45;purgerHistoriqueContextesInterFonction
PCADMT01;G203;gestionDeclarationRechercherHistoriqueInformationsDeclaration
PCADMT08;G224;rechercheDecompte
PCADMT09;G225;validationDecompte
PCADMT10;G247;marquageNpai
PCADMT11;G253;updateUserRecyclages
PCADMT12;G352;rechercherDemandeAppelALaDemandeNonTraitee
PCADMT13;G353;supprimerDemandeAppelALaDemandeNonTraitee
PCADMT14;G354;rechercherPopulationSousCompte
PCADMT15;G355;creerAppelALaDemande
PCADMT16;G359;gestionDeclarationCalculerInformationsInstitution
PCADMT17;G401;gestionDeclarationEnregistrerDAJANT
PCADMT18;G402;gestionDeclarationRechercherDAJANT
PCADMT19;G417;annulerDocument
PCBTMT01;G599;informationsHabilitationBST
PCBTMT02;G598;transcodageOgBST
PCFDMT01;G382;rechercheAnomalieIntegration
PCFDMT02;G383;relanceAnomalieIntegration
PCFDMT03;G375;validationModificationFluxDematerrialisee
PCFDMT05;G376;exportFluxDematerrialisee
PCFDMT06;G378;validationFluxDematerrialisee
PCFDMT07;G379;affichageFluxDematerrialisee
PCFDMT08;G377;visualisationFluxDematerrialisee
PCFDMT09;G395;gestionInscriptionRecherche
PCFDMT10;G396;gestionInscriptionRechercheUEComptesSiretInstitution
PCFDMT11;G397;gestionInscriptionRechercheListeUEComptes
PCFDMT13;G403;rechercheInstitutionGroupe
PCFDMT14;G404;validerRelanceInscription
PCFDMT15;G405;validerReponse
PCFDMT16;G406;validerSelectionUE
PCFDMT17;G419;d�matAbandonner
PCFDMT18;G420;d�matReactiver
PCFIMT01;G213;visualisationCompteUEInformationCompteUE
PCFIMT02;G214;visualisationSousCompteRecherche
PCFIMT07;G228;rechercheCompteBancaire
PCFIMT08;G216;recherchePaiementsEnAttenteIdentification
PCFIMT0B;G344;repartitionFondsCompteTiersCreationPoursuiteSchemaRepartition
PCFIMT0C;G345;enregistrementSchemaRepartition
PCFIMT0D;G346;recherchePaiementNonIdentifieAvecId
PCFIMT0E;G347;repartitionFondsCompteTiersAjoutUESchemaRepartition
PCFIMT0F;G348;repartitionFondsCompteTiersSuppressionLigneRepartitionAttente
PCFIMT0G;G364;validationDebitParticulier
PCFIMT0H;G357;creationLigneFinancierValider
PCFIMT0I;G356;creationLigneFinancierEnregistrer
PCFIMT0J;G365;annulationDebitParticulier
PCFIMT0K;G358;bandeauCompte
PCFIMT0L;G351;suppressionUEComptePaiement
PCFIMT0M;G361;visualisationFluxCompteMandataireOuParticulier
PCFIMT0N;G362;visualisationSoldeCompteMandataireOuParticulier
PCFIMT0O;G367;rechercherLigneFinanciereJournalAdherent
PCFIMT0P;G368;rechercheListePeriode
PCFIMT0S;G390;visualisationCompteUEEnregistrerGroupeCompte
PCFIMT0T;G391;rechercheListeSocietesEncaissementRemboursement
PCFIMT0U;G399;ConfirmationModeRemboursement
PCFIMT0V;G400;visualisationFinanciereSCSuppression
PCFIMT0X;G393;repartitionFondsCompteTiersRechercheSchemaRepartition
PCFIMT0Y;G394;repartitionFondsCompteTiersVisualisationSchemaRepartitionDetail
PCFIMT0Z;G409;remboursementRetrocessionRechercherTiers
PCFIMT10;G218;rechercherUEEnAttenteDePaiement
PCFIMT11;G219;rechercherDocumentNonSoldePourPaiementNonIdentifie
PCFIMT12;G220;creerPaiementNonIdentifie
PCFIMT13;G221;annulationPaiementNonIdentifie
PCFIMT14;G222;remboursementPaiementNonIdentifie
PCFIMT15;G223;rechercherListeCodeObjectifPourRemboursement
PCFIMT16;G229;ouvertureBordereauEnAttente
PCFIMT17;G230;rechercheInformationsBordereau
PCFIMT19;G232;supprimerPaiementBordereau
PCFIMT1A;G410;remboursementRetrocessionValiderTiers
PCFIMT1B;G407;validerLienPaiementRegroupementMandataires
PCFIMT1C;G384;rechercherRegroupementMandatairesNonSoldes
PCFIMT1D;G408;visualisationCompteMandataire
PCFIMT1E;G412;modificationEtatSchemaRepartition
PCFIMT1F;G413;creationFraisMandataire
PCFIMT1G;G414;modificationFraisMandataire
PCFIMT1H;G415;CreationRemonteeCreditMandataire
PCFIMT1I;G416;annulationFraisMandataire
PCFIMT20;G233;validationBordereau
PCFIMT21;G235;rechercheBordereau
PCFIMT22;G236;rechercheEtatDocument
PCFIMT23;G237;rechercherGestionPaiement
PCFIMT25;G239;modifierPaiement
PCFIMT26;G240;annulerPaiement
PCFIMT27;G238;visualiserDetailsGestionPaiement
PCFIMT28;G242;visualisationDebitRecherche
PCFIMT29;G241;rechercheEntiteDeGestion
PCFIMT30;G243;visualisationFinanciereSCRecherche
PCFIMT31;G244;rechercheInformationsPaiement
PCFIMT33;G255;rechercheLigneFinanciereCompteUE
PCFIMT34;G256;visualisationLigneFinanciereCompteUE
PCFIMT35;G257;transfertSoldeRechercheUECompte
PCFIMT36;G258;transfertSoldeInsertionUECompte
PCFIMT37;G259;transfertSoldeTransfertUECompte
PCFIMT39;G261;transfertSoldeRechercheSousCompte
PCFIMT40;G262;transfertSoldeTransfertSousCompte
PCFIMT41;G290;ligneFinanciereNonVentile
PCFIMT42;G292;saisieVentilationLigneFinanciere
PCFIMT43;G291;recherchePeriodeNonSolde
PCFIMT44;G293;rechercheLigneFinanciereVentilees
PCFIMT45;G294;annulerVentilationLignesFinancieres
PCFIMT46;G295;modifierVentilationLignesFinancieres
PCFIMT47;G276;rechercherMajorations
PCFIMT49;G287;modificationNiveauIncident
PCFIMT50;G271;validerAnnulationMajoration
PCFIMT51;G272;validerAnnulationRemiseMajoration
PCFIMT52;G273;calculerMajoration
PCFIMT54;G279;gestionSoldeJustificationManuelleSousCompte
PCFIMT55;G280;gestionSoldeJustificationManuelleUE
PCFIMT56;G288;historiqueMiseAJour
PCFIMT57;G281;gestionSoldeRechercherListeSoldesATraiter
PCFIMT58;G282;gestionSoldeRechercherListeSoldesJustifiesManuellement
PCFIMT59;G283;gestionSoldeRechercherListeSoldesUECompteATraiter
PCFIMT60;G284;gestionSoldeRechercherSyntheseSoldeUE
PCFIMT61;G285;gestionSoldeRechercherSyntheseSoldeUEAccesDirect
PCFIMT62;G274;rechercherRemiseAnnulationMajoration
PCFIMT63;G278;validerMajoration
PCFIMT64;G275;validerSaisieRemiseMajoration
PCFIMT65;G289;visualisationSituationEntreprise
PCFIMT66;G296;rechercheLignesFinancieresNonAffectees
PCFIMT67;G297;rechercheCreanceAAffecter
PCFIMT68;G298;creationModificationAnnulationAffectation
PCFIMT69;G299;rechercheLignesFinancieresAffectees
PCFIMT70;G306;remiseAnnulationPenaliteRetard
PCFIMT71;G307;affichageSaisieRemisePenaliteRetard
PCFIMT72;G308;annulationPenaliteRetard
PCFIMT73;G309;validationRemisePenaliteRetard
PCFIMT74;G316;rechercherPenalitesRetard
PCFIMT75;G317;affichagePenalitesRetardModification
PCFIMT76;G318;calculerPenalitesRetard
PCFIMT77;G319;validerPenalitesRetard
PCFIMT78;G320;affichagePenalitesRetardCreation
PCFIMT79;G310;annulationRemisePenaliteRetard
PCFIMT80;G337;rechercherEnvoiQuittance
PCFIMT81;G338;visualiserEnvoiQuittance
PCFIMT82;G372;remboursementRetrocessionRecherche
PCFIMT83;G373;remboursementRetrocessionValiderManuelle
PCFIMT84;G374;remboursementRetrocessionValiderSousCompte
PCFIMT85;G369;DemandeRemboursementRecherche
PCFIMT87;G370;DemandeRemboursementGestion
PCFIMT89;G371;supprimerAnnulerBordereau
PCFIMT90;G322;creerBlocNote
PCFIMT91;G323;modifierBlocNote
PCFIMT92;G324;supprimerBlocNote
PCFIMT93;G325;rechercheBlocNote
PCFIMT94;G339;repartitionFondsCompteTiersRechercheBandeauMandataireOuParticulier
PCFIMT95;G363;rechercherDebitsParticuliers
PCFIMT96;G389;visualisationEvenementSousCompteRecherche
PCFIMT97;G340;repartitionFondsCompteTiersRechercheCompteTiers
PCFIMT98;G341;repartitionFondsCompteTiersRechercheEncaissementTiers
PCFISV1J;G608;TPRechercherEvenementsFinAnn�eUecPeriode
PCFISV1K;G609;TPRechercherP�riodeUECPourExercice
PCFISV1L;G610;TPCr�erEvenementRelanceCompensation
PCFISV1M;G611;TPRechercherDerniersEvenementsFinAnn�e
PCFISV1N;G612;TPAnalyserCoh�renceEv�nementTFA
PCKIMT01;G387;rechercheComparaisonFlux
PCPTMT01;G200;connexesRechercheListUECompteUR
PCPTMT02;G201;gestionDeclarationRechercheDeclaration
PCPTMT03;G202;gestionDeclarationRecupererInformationsDeclaration
PCPTMT04;G204;gestionDeclarationEnregistrerInformationsDocumentDeclaration
PCPTMT05;G205;gestionDeclarationReinitialisationDocumentInformationsDeclaration
PCPTMT06;G206;gestionDeclarationRecupererInformationsInstitution
PCPTMT07;G207;gestionDeclarationEnregistrerInformationsInstitution
PCPTMT08;G208;referentielLibelles
PCPTMT09;G209;referentielMessages
PCPTMT20;G212;visualisationCompteUERechercheCompteUE
PCPTMT22;G215;rechercheInstitutionVisualisationSousCompte
PCPTMT24;G227;rechercheSocieteEncaissement
PCPTMT25;G234;rechercheDocumentsASolder
PCPTMT26;G249;visualiserDetailDecompte
PCPTMT27;G245;rechercheListeDocuments
PCPTMT28;G246;validationMarquageNpai
PCPTMT29;G248;validationDemandeExpedition
PCPTMT30;G250;visualiserDocument
PCPTMT31;G254;rechercheRecyclages
PCPTMT32;G270;enregistrerPaiementSurBordereau
PCPTMT33;G252;visualisationRecyclages
PCPTMT34;G251;rechercheGroupeCompte
PCPTMT38;G311;affichageDajAnomalie
PCPTMT39;G312;validationDajAnomalie
PCPTMT40;G313;rechercheDemandeLsa
PCPTMT41;G314;visualisationDemandeLsa
PCPTMT42;G315;ValiderDemandeLsa
PCPTMT46;G321;connexesRechercheSousFamilleLiee
PCPTMT49;G350;validationEditionDuplicata
PCPTMT50;G360;connexesRechercheListSousInstitutionGPS
PCPTMT51;G366;transfertSoldeRechercherListeDocumentTransfertSolde
PCPTMT52;G380;rechercheCorrespondanceIdentifiant
PCPTMT53;G351;rechercherListeCodeApplicationMigration
PCPTMT54;G385;rechercheAnneeAnteriorite
PCPTMT56;G386;gestionSoldeRecherchePMMotifJustificationSolde
PCPTMT57;G411;rechercheListeSocietesPourRemboursement
PCPTMT60;G418;rechercheRemboursementEtR�trocessionCompteTiers
PCREMT01;G263;historiqueAction
PCREMT02;G264;modificationAction
PCREMT03;G265;modifierCalendrier
PCREMT04;G266;visualisationCalendrier
PCREMT05;G267;historiqueCalendrier
PCREMT06;G268;listeCalendrierDS
PCREMT07;G269;listeCalendrierUE
PCREMT08;G300;chercherListeRadiationIP
PCREMT09;G301;chercherDetailRadiationIP
PCREMT10;G302;ReporterRadiationIP
PCREMT11;G303;RadierRadiationIP
PCREMT12;G304;rechercherInscriptionPrivilege
PCREMT13;G305;validerModificationInscriptionPrivilege
PCREMT14;G326;rechercherDemandeDelaiPaiementParUeCompte
PCREMT15;G327;visualiserDemandeDelaiPaiement
PCREMT16;G328;rechercherSousCompteObjetRecouvrementUeCompte
PCREMT17;G329;validerCreationDemandeDelaiPaiement
PCREMT18;G330;rechercherSousCompteObjetRecouvrementProcedureContentieuse
PCREMT19;G331;visualiserDemandeDelaiPaiementProcedureContentieux
PCREMT20;G332;validerSaisieEcheancierDemandeDelaiPaiementUeCompte
PCREMT21;G333;validerSaisieEcheancierDemandeDelaiPaiementProcedureContentieuse
PCREMT22;G334;validerAcceptationDemandeDelaiPaiementUeCompte
PCREMT23;G335;validerAcceptationDemandeDelaiPaiementProcedureContentieuse
PCREMT24;G336;suiviDemandeDelaiPaiement
PCREMT25;G349;rechercherDateFinSuspension
PCREMT26;G388;validerCreationDemandeDelaiPaiementCtx
PCS0SV10;SC51;restituerEntiteRecouvrement
PCX0MT01;G800;AffichageAssignation
PCX0MT02;G801;ControllerMajAssignation
PCX0MT04;G802;AffichageJugement
PCX0MT05;G803;ControllerMajJugement
PCX0MT06;G805;afficherDetailFrais
PCX0MT07;G806;AffichageSignification
PCX0MT08;G807;ControllerMajSignification
PCX0MT09;G808;creerFraisProcedure
PCX0MT10;G809;injonctionEnvoiAffichage
PCX0MT11;G810;injonctionEnvoiMaj
PCX0MT12;G811;suiviAffichage
PCX0MT13;G812;injonctionReceptionAffichage
PCX0MT14;G813;injonctionReceptionMaj
PCX0MT15;G817;suiviMaj
PCX0MT16;G814;injonctionReceptionDemandeAffichage
PCX0MT17;G815;injonctionReceptionDemandeMaj
PCX0MT18;G918;affichageCompetenceTerritorialeCommune
PCX0MT19;G919;controleEcranCompetenceTerritoriale
PCX0MT20;G816;injonctionSaisieMaj
PCX0MT21;G818;controlerOppositionMandataire
PCX0MT22;G819;affichageBandeau
PCX0MT24;G821;rechercheDirectSoumission
PCX0MT26;G822;detailSoumission
PCX0MT27;G823;refusSoumission
PCX0MT29;G922;afficherAnterioriteAnv
PCX0MT30;G828;rechercheProcedure
PCX0MT31;G825;controlerRechercheAvanceeSoumission
PCX0MT32;G923;validerAnterioriteAnv
PCX0MT34;G827;rechercherGestionnaires
PCX0MT35;G829;listeAuxiliaires
PCX0MT36;G830;listeRoleAuxiliaire
PCX0MT38;G832;ajouterTribunal
PCX0MT39;G834;modifierAuxiliaire
PCX0MT40;G835;modifierTribunal
PCX0MT42;G910;remplacerTribunal
PCX0MT45;G833;listeRolePourAuxiliaire
PCX0MT46;G836;affichageQualification
PCX0MT48;G837;majQualification
PCX0MT49;G838;chargementSJ
PCX0MT50;G927;validerAnterioriteOuverturManuelle
PCX0MT51;G839;validationSJ
PCX0MT52;G843;afficheCreances
PCX0MT54;G844;majCreances
PCX0MT55;G845;detailCreances
PCX0MT56;G846;afficheDocuments
PCX0MT57;G847;majDocuments
PCX0MT58;G848;afficheSynthese
PCX0MT59;G849;majSynthese
PCX0MT61;G850;afficherJournalProcedure
PCX0MT62;G851;afficherSyntheseProcedure
PCX0MT63;G852;afficherTachesProcedure
PCX0MT64;G853;insererProcedureCommentaire
PCX0MT65;G855;modifierReportProcedure
PCX0MT66;G856;procedureAnnulation
PCX0MT67;G857;procedureFermeture
PCX0MT68;G858;controleMessage
PCX0MT69;G804;afficherListeFraisProcedure
PCX0MT70;G862;afficherListeFraisAttente
PCX0MT71;G860;modifierStatutFraisProcedure
PCX0MT73;G861;supprimerFraisProcedure
PCX0MT74;G863;validerPaiementAttente
PCX0MT75;G865;rechercheAuxiliaires
PCX0MT77;G866;procedureVisualiserLC
PCX0MT78;G867;procedureModifierLC
PCX0MT79;G864;rechercheTypesAuxiliaire
PCX0MT80;G868;procedureHistoriqueComptable
PCX0MT81;G869;afficherProduction
PCX0MT82;G872;controllerEtatPlan
PCX0MT83;G876;controllerActionAdmission
PCX0MT84;G870;controllerProduction
PCX0MT85;G871;afficherEtatPlan
PCX0MT86;G875;afficherActionAdmission
PCX0MT87;G877;afficherSituationEtatProcedureCollective
PCX0MT88;G878;afficherEcheance
PCX0MT89;G879;controllerEcheance
PCX0MT8A;G880;afficherSuiviAnv
PCX0MT8B;G881;controlerSuiviAnv
PCX0MT8C;G882;afficherInstitutionAnv
PCX0MT8D;G883;controlerInstitutionAnv
PCX0MT8E;G884;afficherCreancePoursuivieAnv
PCX0MT8F;G885;controlerCreancePoursuivieAnv
PCX0MT8G;G886;detailCreancesAnv
PCX0MT8H;G887;afficherListeLotsAnv
PCX0MT8I;G888;controlerListeLotsAnv
PCX0MT8J;G889;afficherListeProceduresLotAnv
PCX0MT8K;G890;controlerListeProceduresLotAnv
PCX0MT8L;G891;affichageProcedureFermetureAnv
PCX0MT8M;G842 ;validerQualificationAnv
PCX0MT8N;G840;affichageQualificationAnvPar
PCX0MT8O;G841;affichageQualificationAnvTot
PCX0MT8P;G914;rechercherListeLibellesParametrageTiers
PCX0MT8Q;G915;controleEcranCreationTiers
PCX0MT8R;G916;affichageEcranModificationTiers
PCX0MT8S;G917;controleEcranModificationTiers
PCX0MT8W;G892;referentielInstitutions
PCX0MT90;G893;affichageProcedureFermeture
PCX0MT91;G895;recalculerEcheance
PCX0MT92;G896;controllerModificationEcheance
PCX0MT93;G873;afficherValidationSJ
PCX0MT94;G874;controllerValidationSJ
PCX0MT95;G897;afficherMandataire
PCX0MT96;G898;modifierMandataire
PCX0MT97;G899;afficherSecondOriginal
PCX0MT98;G900;modifierSecondOriginal
PCX0MT9D;G901;afficherCourrier
PCX0MT9E;G904;afficherComplementMotif
PCX0MT9F;G905;afficherFraisAccessoires
PCX0MT9G;G906;modifierFraisAccessoires
PCX0MT9I;G903;enregistrerCourrier
PCX0MT9J;G907;finCloturerAuxiliaire
PCX0MT9K;G908;finCloturerTribunal
PCX0MT9L;G859;majFraisProcedure
PCX0MT9M;G831;ajouterAuxiliaire
PCX0MT9N;G909;remplacerAuxiliaire
PCX0MT9O;G894;afficherModificationEcheance
PCX0MT9P;G902;controlerCourrier
PCX0MT9Q;G912;afficherComplementPaiement
PCX0MT9S;G854;afficherReportProcedure
PCX0MT9T;G911;enregistrerComplementMotif
PCX0MT9U;G913;enregistrerComplementPaiement
PCX0MT9W;G826;afficherRechercheAvancee
PCX0MT9X;G824;afficherRechercheAvanceeSoumission
PCX0MTA0;G929;rechercherProceduresModifiables
PCX0MTA1;G930;rechercherDatesProceduresModifiables
PCX0MTA2;G931;modificationProcedureInjonctionPayer
PCX0MTA3;G932;modificationProcedureAssignationMandataire
PCX0MTA4;G933;modificationProcedureAssignationAvocat
PCX0MTA5;G934;modificationProcedureCollective
PCX0MTA6;G940;listerAudiences
PCX0MTA7;G941;restituerDVAudiences
PCX0MTA8;G942;rechercherAudiences
PCX0MTAA;G949;enregistrerRefExterne
PCX0MTAB;G943;creerAudience
PCX0MTAC;G944;supprimerAudience
PCX0MTAD;G948;affichagerListeDesAssignationsAudience
PCX0MTAE;G951;modifierAssignation
PCX0MTAF;G945;afficherActionSurJugement
PCX0MTAG;G946;validerActionSurJugement
PCX0MTAJ;G950;validerAssignation
PCX0MTAO;G947;listerMotifsDeRenvoi
PCX0MTJ4;G928;affichageCompetenceTerritorialeCanton
PI00SV43;SI52;getTablesDeReference
PIADSV01;DI01;getReleveCarriere
PIADSV02;DI12;getLstInfosParticipant
PIADSV04;DI02;getPeriodeLignesSpecif
PIADSV05;DI03;getPrdNeutralMaladie
PIADSV06;DI04;getHistoLigneChomage
PIADSV07;DI05;getHistoVersionLigneCC
PIADSV08;DI06;getEntrepriseLignesSpecif
PIADSV09;DI07;getCumulPointsCarriere
PIADSV10;DI08;getLignesCarrieresAnnulees
PIADSV11;DI09;getPDHAnnulees
PIADSV12;DI10;getPrdNeutralMaladieLCAnnulee
PIADSV13;DI11;getHistoLigneChomageLCAnnulee
PIADSV14;DI25;getRechercheEntreprise
PIADSV15;DI29;getRechercheDroitDRTIndividu
PIADSV46;DID8;updatePointMinoMajo
PIADSV47;DI17;createUpdateLigneCarriereEtVentilation
PIADSV48;DI18;initGererLigneCarriere
PIADSV49;DI19;deleteLigneCarriereEtVentilation
PIADSV50;DI20;deletePDHEtDroits
PIADSV53;DI23;getRaisonSociale
PIADSV55;DI21;getParamFonctionnels
PIADSV56;DI24;getSalaireReference
PIADSV57;DID9;debloqueLigneCarriere
PIADSV70;DI14;getLigneOgac
PIADSV74;DIE3;getLignePsi
PIADSV75;DI16;enregistrementOgac
PIADSVJ0;DI26;getInstitutionsGestion
PIADSVJ1;DI13;createDemandeJournal
PIADSVK8;DI22;controleCreateUpdateLigneCarriere
PIADSVKA;DI15;controleOgac
PIBFSV21;DI96;getRechercheAffaire
PIBFSV22;DI97;getSynthese
PIBFSV23;DI98;getEnteteLocalisation
PIBFSV24;DI99;getEntreprise
PIBFSV25;DIA0;getContrat
PIBFSV26;DIA1;getPeriode
PIBFSV27;DIA2;getTranche
PIBFSV28;DIA3;getPoint
PIBFSV29;DIA4;createEntreprise
PIBFSV30;DIA5;updateEntreprise
PIBFSV31;DIA6;deleteEntreprise
PIBFSV32;DIA7;createContrat
PIBFSV33;DIA8;updateContrat
PIBFSV34;DIA9;deleteContrat
PIBFSV35;DIB0;createPeriode
PIBFSV36;DIB1;updatePeriode
PIBFSV37;DIB2;deletePeriode
PIBFSV38;DIB3;createTranche
PIBFSV39;DIB4;updateTranche
PIBFSV40;DIB5;deleteTranche
PIBFSV41;DIB6;createPoint
PIBFSV42;DIB7;updatePoint
PIBFSV43;DIB8;deletePoint
PIBFSV44;DIB9;getEntiteGestion
PIBFSV45;DIC0;demandeRafraichissementEtEnvoieCIN
PIBFSV48;DIC1;updateEnteteLocalisation
PIBFSV49;DIC2;getStatSEC
PIBFSV50;DIC3;getStatSTA
PIBFSV51;DIC4;getStatSTB
PIBFSV60;DIC5;getRechercheAdresse
PIBFSV61;DIC6;getRechercheEchange
PIBFSV62;DIC7;getDemandeBlocage
PIBFSV63;DIC8;getSyntheseAdresse
PIBFSV64;DIC9;getAdresse
PIBFSV65;DID0;updateAdresse
PIBFSV66;DID1;getDemandeMouvement
PIBFSV69;DID2;getDemandeEvolution
PIBFSV79;DID3;getHistorique
PIBLSV19;DIE0;listeFluxEG
PIBLSV20;DIE1;listeTacheEG
PIBLSV21;DIE2;getCritereRechercheEG
PIBLSVG1;SI53;getListeCleDeCompteASupprimer
PIBLSVG2;SI54;creerDemandeSuppressionCleDeCompte
PIBLSVG3;SI55;supprimerDemandeDeSuppressionCleDeCompte
PIBLSVH1;SI56;getListeCleDeCompteARenumeroter
PIBLSVH2;SI57;creerDemandeRenumerotationCleDeCompte
PIBLSVH3;SI58;supprimerDemandeDeRenumerotationCleDeCompte
PIBLSVS1;DI92;getDemandeReemission
PIBLSVS2;DI93;deleteDemandeReemission
PIBLSVS3;DI94;createDemandeReemission
PIBLSVS4;DI95;listeInstitution
PIBLSVT1;DI27;getEchanges
PIBLSVT2;DI28;getDetailsRejet
PIBLSVT3;DID4;listeMajCertif
PIBLSVT4;DID5;getMajCertif
PIBLSVT5;DID6;validerCertif
PIBLSVT6;DID7;refuserCertif
PIBLSVU1;DIE8;listeDemandeExtraction
PIBLSVU2;DIE9;getDemandeExtraction
PIBLSVU3;DIF0;createDemandeExtraction
PIBLSVU4;DIF1;updateDemandeExtraction
PIBLSVU5;DIF2;deleteDemandeExtraction
PIBLSVU6;DIF3;addCleCompte
PIBLSVU7;DIF4;deleteCleCompte
PIPCSV21;DI55;getRechercheAffaire
PIPCSV22;DI56;getSynthese
PIPCSV23;DI57;getEntete
PIPCSV24;DI59;getEntreprise
PIPCSV25;DI60;getContrat
PIPCSV26;DI61;getPeriode
PIPCSV27;DI62;getTranche
PIPCSV28;DI63;getPoint
PIPCSV29;DI64;createEntreprise
PIPCSV30;DI65;updateEntreprise
PIPCSV31;DI66;deleteEntreprise
PIPCSV32;DI67;createContrat
PIPCSV33;DI68;updateContrat
PIPCSV34;DI69;deleteContrat
PIPCSV35;DI70;createPeriode
PIPCSV36;DI71;updatePeriode
PIPCSV37;DI72;deletePeriode
PIPCSV38;DI73;createTranche
PIPCSV39;DI74;updateTranche
PIPCSV40;DI75;deleteTranche
PIPCSV41;DI76;createPoint
PIPCSV42;DI77;updatePoint
PIPCSV43;DI78;deletePoint
PIPCSV45;DI80;demandeChangementStatut
PIPCSV46;DI58;getSyntheseNFI
PIPCSV47;DI81;getEnteteNFI
PIPCSV48;DI82;updateEntete
PIPCSV49;DI37;initEcranStat
PIPCSV50;DI38;getDmdAgircArrco
PIPCSV51;DI39;getTempsReponse
PIPCSV52;DI40;getDmdTransRescue
PIPCSV53;DI54;getIdentParticipant
PIPCSV54;DI41;getListDemandes
PIPCSV55;DI42;getNbDemandes
PIPCSV61;DI45;creerDemandeTransfertDI
PIPCSV62;DI46;relancerDemandeTransfertDI
PIPCSV63;DI43;annulerTransfertDroitsInscrits
PIPCSV64;DI47;creerNotificationDeFinDInstruction
PIPCSV65;DI48;annulerNotificationDeFinDInstruction
PIPCSV66;DI49;creerAnomalieControle
PIPCSV67;DI50;modifierStatutDmdTransfertDINormesPRC
PIPCSV68;DI51;rechercherDemandesTransfertDIRejet
PIPCSV69;DI44;lireDmdTransfertDINormesPRC
PIPCSV70;DI52;modifierStatutRejet
PIPCSV71;DI53;rechercherDemandesTransfertDINormesPRC
PIPCSV73;DI33;creerAnomaliesTransfertDINormesPRC
PIPCSV74;DI35;getDemandeDI
PIPCSV75;DI34;updateDemandeDI
PIPCSV76;DI36;getSyntheseCmpl
PIPCSV79;DI83;updateNbPoint
PIPCSV87;DI85;getDemandeNFI
PIPCSV88;DI86;updateDemandeNFI
PIPCSV91;DI79;getEntiteGestion
PIPCSV92;DI87;getNomPrenom
PIPCSV93;DI84;rechercherDemandesTransfertDINormesPRCIAA
PIPCSV94;DI88;getLocalisation
PIPCSV95;DI89;updateLocalisation
PIPCSV96;DI90;rechercherDemandesTransfertDIRejetIAA
PIPCSV98;DI91;modifierStatutWebService
PIPCSV99;DIE7;getCleCompteIndividu
PIPISVU1;DIE5;listeDemandeExtraction
PIPISVU2;DIE4;createDemandeExtraction
PIPISVU3;DIE6;updateDemandeExtraction
PNAFMT01;AF01;convertirDadsuCpnCpiCpl
PNAFMT02;AF02;restituerDetailAffiliationIndividu
PNAFMT05;AF05;restituerDonneesDernierePeriodeDS
PNAFMT08;AF08;enregistrerModificationAffiliation
PNAFMT0A;AF0A;rechercheAffiliationsEntreprise
PNAFMT0B;AF0B;rechercheAffiliationsIndividu
PNAFMT15;AF15;modifierAffiliation
PNAFMT16;AF16;creerAffiliation
PNAFMT17;AF17;annulerAffiliation
PNAFMT20;AF20;restituerAffiliationsIndividu
PNAFMT30;AF30;enregistrerParTP
PNAFSV05;AF05;restituerObjetGestionSupportDeConfidentialitePourUnIndividu
PNCOMT01;ZO01;restituerIndividu/getDetailIndividu
PNCOMT02;ZO02;getRolesIndividu
PNCOMT03;ZO03;getAdherent/restituerEntrepriseEtablissementPRENSV04
PNCOMT06;ZO06;verifierHabilitationIndividu
PNCOMT07;ZO07;getListeUEC
PNCOMT08;ZO08;getListeUECTier
PNCOMT0A;ZO0A;restituerTiersPRTISV01
PNCOMT0B;ZO0B;listeCodeAnomalies
PNCOMT0D;ZO0D;restituerInfoObjetGestion
PNCOMT0E;ZO0E;restituerInfosUtilisateur
PNCOMT0F;ZO0F;restituerBandeau
PNCOMT0G;ZO0G;restituerTypesIdentifiantsEnt
PNCOMT0H;ZO0H;restituerTypesIdentifiantsInd
PNCOMT0J;ZO0J;restituerAnneeDemarrageDN
PNCOMT0K;ZO0K;restituerListeEtablissementUEDN
PNCOMT0L;ZO0L;restituerInstitution
PNCOMT21;ZO21;getInstitutionsIndividu
PNCOMT22;ZO22;getInstitutionsAdherent
PNCOMT23;ZO23;getEtablissementsAdherent
PNCOMT24;ZO24;getAdhesionsAdherent
PNCOMT25;ZO25;getUEDNsAdherent
PNCOMT26;ZO26;restituerCPsAdherent/getCPsAdherent
PNCOMT27;ZO27;restituerSignaletiqueReduiteBAC
PNCOMT28;ZO28;verifierHabilitationObjetGestion
PNCOMT29;ZO29;verifierHabilitationRessource/verifierPresenceRessource
PNCOMT2A;ZO2A;controlerExistenceEG
PNCOMT2B;ZO2B;posterCRE
PNCOMT2C;ZO2C;restituerLibelleCPN
PNCOMT30;ZO30;restituerAidesResolutionAnomalie
PNCOMTM0;ZOM0;verifierDisponibiliteOG
PNCOMTOI;ZOOI;restituerDVGrecco
PNCOMTVQ;ZOVQ;restituerListeEGConfidentialite
PNDSMT20;DS20;rechercherLigne
PNDSMT21;DS21;enregistrerReferenceArchive
PNDSMT22;DS22;gererContexte
PNDSMT23;DS23;getPeriodes
PNDSMT24;DS24;getIndividuDeclare
PNDSMT25;DS25;enregistrerIndividuLignesDs
PNDSMT71;DS71;rechercherLignes
PNDSMT72;DS72;supprimerLignes
PNDSMTB5;DSB5;lireConversion
PNDSMTG0;DSG0;rechercherExercice
PNDSMTG1;DSG1;rechercherCampagne
PNDSMTG2;DSG2;rechercherLot
PNDSMTG3;DSG3;lireCriteres
PNDSMTG4;DSG4;lireResultats
PNDSMTG7;DSG7;lireCampagneSuivante
PNDSMTG8;DSG8;creerCampagneSuivante
PNDSMTGA;DSGA;validerLot
PNDSMTGC;DSGC;creerNouvelleCampagne
PNDSMTGF;DSGF;mettreAjourStatutLot
PNDSMTGH;DSGH;lireCandidatsRejete
PNDSMTJ9;DSJ9;notifierReceptionDs/annulerNotificationReceptionDs
PNDSMTJA;DSJA;demanderCreationOperationDs
PNDSMTJB;DSJB;rafraichirCriteresAdherentTiers
PNDSMTJC;DSJC;analyserImpactAnnulationOperationDs
PNDSMTJD;DSJD;restituerAutresDonneesOperationDS
PNDSMTJE;DSJE;rechercherOperationsDs
PNDSMTJF;DSJF;restituerEnTeteOperationDS
PNDSMTJG;DSJG;restituerHistoriqueOperationDS
PNDSMTJH;DSJH;creerReception
PNDSMTJI;DSJI;validerAnnulationOperationDs
PNDSMTJJ;DSJJ;validerCreationOperationDs
PNDSMTJK;DSJK;verifierAccesOperationDs
PNDSMTJL;DSJL;recupererIdentifiant
PNDSMTJM;DSJM;rafraichirSyntheseAnomalies
PNDSMTJN;DSJN;lireSyntheseAnomalies
PNDSMTJO;#N/A;lireImpactsAnomalies
PNDSMTJP;DSJP;preparerReemissionOperationDS
PNDSMTK1;DSK1;recupererReceptionDs
PNDSMTK2;DSK2;forcerIntegrationReceptionDs
PNDSMTK3;DSK3;majReceptionDSPourRapprochement
PNDSMTK4;DSK4;majReceptionDsPourRetraitement
PNDSMTK5;DSK5;annulerReceptionDs
PNDSMTK6;DSK6;majReceptionDs
PNDSMTK7;DSK7;supprimerPeriodesDS
PNDSMTK8;DSK8;rejeterReceptionDs
PNDSMTK9;DSK9;preparerAnnulationReceptionDs
PNDSMTKA;DSKA;rechercherReceptionDS
PNDSMTKB;DSKB;rechercherLignesReceptionDs
PNDSMTKC;DSKC;prequalifCompletudeReceptionDS
PNDSMTKD;DSKD;rapprocherUEDNOperation
PNDSMTKE;DSKE;enregistrerEclatementReceptionDs
PNDSMTKF;DSKF;controleCoupleOperationDSReception
PNDSMTKG;DSKG;enregistrerModifsMasse
PNDSMTKH;DSKH;restituerLignesPeriodesAnomalies
PNDSMTKI;DSKI;rechercherHistoriqueReceptionDS
PNDSMTKJ;DSKJ;annulerReceptionTESE_CEA
PNDSMTKR;DSKR;recupererReceptionDs/rechercherCriteresEclactement
PNDSMTKS;DSKS;restituerSyntheseRegroupement
PNDSMTL0;DSL0;enregistrerModifMasseParTP
PNDSMTL1;DSL1;enregistrerModifMasse
PNDSMTL2;DSL2;recherchePreamorceesNonrecues
PNDSMTL3;DSL3;controlerPeriode
PNDSMTL4;DSL4;restituerPropoRapprochement/restitutionPropositionRapprochement
PNDSMTL5;DSL5;presenterEnteteIndicateurDs
PNDSMTL6;DSL6;restitutionLignesDs
PNDSMTL8;DSL8;supprimer
PNDSMTL9;DSL9;restituerDetailLigneDs
PNDSMTLA;DSLA;restituerIndividuDeclare
PNDSMTLB;DSLB;restitutionSuggestionRapprochement
PNDSMTLC;DSLC;derapprocherIndividu
PNDSMTLD;DSLD;restituerHistoriquePeriodeDs
PNDSMTLE;DSLE;enregistrerPeriode
PNDSMTLF;DSLF;presenterligneDs
PNDSMTLG;DSLG;getIndicateurPeriodeIsole
PNDSMTLK;DSLK;restitutionDetailIndividu
PNDSMTLL;DSLL;rechercherSignaletiqueligneDs
PNDSMTLO;DSLO;restituerLignesForcageMasse
PNDSMTLP;DSLP;restituerAnomaliesPeriodeDs
PNDSMTLQ;DSLQ;requalifierOPDS
PNDSMTLR;DSLR;rapprocherPeriodes
PNDSMTLS;DSLS;calculerMasseSalariale
PNDSMTLT;DSLT;restituerHistoriqueAnomalies
PNDSMTLU;#N/A;rechercherOperationsDS
PNDSMTLV;SN82;recupererIdentifiant
PNDSMTLW;SN81;recupererIdentifiantPeriode
PNDSMTLX;SN83;recupererIdentifiantProposition
PNDSMTMA;DSMA;enregistrerCriteresRgp
PNDSMTMB;DSMB;afficherListesCriteresRgp
PNDSMTMC;DSMC;confirmerRegroupement
PNDSMTMD;DSMD;modifierPerimetreRGP
PNDSMTME;DSME;restituerInfosCompletude
PNDSMTMF;DSMF;afficherHistorique
PNDSMTMG;DSMG;restituerDroitsBoutons
PNDSMTMH;DSMH;restituerPeriodesRgpIndividu
PNDSMTNF;DSNF;chargerCarriere
PNDSMTNG;DSNG;restituerDetailLc
PNDSMTNH;DSNH;restituerDetailLs
PNDSMTNI;DSNI;enregistrerCarriere
PNDSMTNK;DSNK;verifierAccesCarriere
PNDSMTNM;DSNM;validerLsEtRecalcul
PNDSMTNN;DSNN;alimenterDroits
PNDSMTNO;DSNO;preparerCreationLS
PNDSMTNP;SN80;restituerPopulationsAdherents
PNDSMTRM;DSRM;preparerVentilation
PNDSMTRN;DSRN;preparerCotisation
PNDSMTRO;DSRO;afficherVentilationSI
PNDSMTRP;DSRP;enregistrerModificationVentilationSI
PNDSMTRQ;DSRQ;validerCotisation
PNDSMTRR;DSRR;preparerCotisationManuelle
PNDSMTRS;DSRS;validerCotisationManuelle
PNDSMTW0;DSW0;presenterDetailOperationCompte
PNDSMTW1;DSW1;presenterIndicateursGestion
PNDSMTW2;DSW2;presenterOperationsDs
PNDSMTW3;DSW3;presenterCotisations
PNDSMTW4;DSW4;presenterCotisationsCommuniquees
PNDSMTW5;DSW5;presenterCommentaire
PNDSMTW6;DSW6;enregistrerCommentaire
PNDSMTW8;DSW8;restituerListeOpCpt
PNDSMTW9;DSW9;blocageManuel/deblocageManuel/forcerCommunicationDette
PNDSMTW9;DSW9;restitutionMiseAJourOperationCompte
PNDSMTWB;DSWB;presenterIndicateursGestionTier
PNDSMTWC;DSWC;rechercherOperationCompte
PNDSMTWD;DSWD;presenterCotisations
PNDSMTWE;DSWE;presenterCotisationsCommuniquees
PNDSMTWF;DSWF;presenterCotisationsCommuniqueesDette
PNDSMTXN;DSXN;editerJustif
PNGDMT01;GD01;rechercherDocuments
PNGDMT02;GD02;AnnulerDemande
PNGDMT03;GD03;DupliquerDocument
PNGDMT04;GD04;ReemissionDocument
PNGDMT05;GD05;StopNpai
PNGDMT06;GD06;StopRelance
PNGDMT07;GD07;rechercherSuiviEchangeEditique
PNGDMT08;GD08;getPMCarecteristiquesSystemeEditique
PNPMMT10;PM10;enregistrerSeuil
PNPMMT11;PM11;enregistrerSeuilLigne
PNPMMT12;PM12;enregistrerSeuilTiers
PNPMMT13;PM13;enregistrerDateComm
PNPMMT16;PM16;enregistrerChomagePartiel
PNPMMT17;PM17;enregistrerDureeTravail
PNPMMT18;PM18;enregistrerToleranceApprenti
PNPMMT19;PM19;enregistrerToleranceHorsApprenti
PNPMMT20;SN84;enregistrerEmetteurEchange
PNPMMT20;SN84;enregistrerEmetteurEchange 
PNPMMT28;PM28;enregistrerComportementAnomalies
PNPMMT30;PM30;enregistrerAnomaliePreQualification
PNPMMT33;PM33;enregistrerSeuilCodeTypeGestionUEC
PNPMMT35;PM35;enregistrerSeuilCodeTypeGestionUED
PNPMMT37;PM37;enregistrerAideResolution
PNPMMTH3;PMH3;enregistrerTraitementEtCriteres
PNPMMTH5;PMH5;enregistrerStructure
PNPMMTH7;PMH7;enregistrerConversion
PNPMMTHA;PMHA;controlerCoherenceConversion
PNPMMTHB;PMHB;lireParametrage
PNPMMTTS;PMTS;supprimerTS
PNPNMT01;PN01;chargementCriteres
PNPNMT02;PN02;constitutionTableauxBord
PNPNMT03;PN03;chargementLignesFichier
PPDPSV01;PL01;modifierEtatMetierCHLOE
PPDPSV02;PL02;lireTypesTraitementCHLOE
PPDPSV03;PL03;lireParametrageEtatsMetiersCHLOE
PPDPSV04;PL04;lireParametrageCHLOE
PPDPSV05;PL05;rechercherEtatsMetiersCHLOE
PPGASV20;PG01;rechercherEGLiquidateur/rechercherNomLiquidateur
PPGASV21;PG02;rechercherFluxPRC/rechercherIdentifiantsTechniquesFluxPRC
PPGASV22;PG03;lireDPRIndividu
PPGASV23;PG04;lireReferencesDPR
PPGASV24;PG05;modifierInfosFiscales
PPGASV25;PG06;validerInfosFiscales
PPGASV29;PG07;lireListeDPR
PPGASV30;PG08;lireFluxPRC
PPGASV35;PG09;ecrireFluxCourt/ecrireFluxLong
PPGASV36;PG10;lireFluxCourt/lireFluxLong
PPGASV37;PG11;enregistrerAccuseReceptionFlux
PPGASV38;PG12;rechercherIndividus/rechercherDPRCriteres
PPGASV39;PG13;modifierFluxPRC
PPGASV40;SP59;lireDRDPR
PPGASV43;PG14;lireDroitsInscritsDPR
PPGASV44;PG15;lireDroitsAServirDPR
PPGASV45;PG16;lireSynthesePCPeriodeDroits
PPGASV51;PG17;lireMajoration
PPGASV52;PG18;lireSyntheseTranchePoint
PPGASV53;PG19;rechercherNombreEnfants
PPGASV54;PG20;lireDonneeFlux
PPGASV55;PG21;modifierHomonymie
PPGASV56;PG22;lireSyntheseIndividu/lireMoyenPaiement/lireDonneesHomonymie
PPGASV57;PG23;lireListeHistoriqueRelationsMandataires
PPGASV65;PG24;rattacherDestinataire
PPGASV71;PG25;lireListeLibelleAdresseBanque/lireListeLibelleAdresseBanqueMDP
PPGASV73;PG26;modifierModaliteEtMoyenPaiement
PPGASV74;PG27;lireModaliteMoyenPaiementDPR
PPGASV75;PG28;lireReferencesDPR
PPGASV76;PG29;lireModaliteMoyenPaiementTiersMandataire
PPGASV78;PG97;lireBandeauIndividuDPR
PPGASV79;PG30;modifierRelationMandataire
PPGASV88;PG31;lireAdresse
PPGASV89;PG32;lireInfosFiscales/lireSituationTiersReglementaire
PPGASV93;PG33;lireEvenements
PPGASV95;PG34;lireTrace/lireDetailTrace
PPGASVA3;PG35;lireListeDPR
PPGASVB0;PG98;detecterTachesInduites
PPGASVB3;SP60;rechercherEnquetes
PPGASVB5;PG36;lireDestinataires
PPGASVB6;PG37;creerEnquetes
PPGASVB8;PG38;modifierEnquetes
PPGASVB9;PG39;lireMoyensPaiement
PPGASVC0;PG40;lireEnfantsACharge
PPGASVC1;PG41;lirePJ
PPGASVC5;PG42;creerPJ
PPGASVC6;PG43;modifierPJ
PPGASVD6;PG44;lireParametrageTypePJ
PPGASVE1;PG99;executerTachesInduites
PPGASVG0;PG45;modifierReferenceCaisse
PPGASVG7;PG46;lireListeDPR
PPGASVG8;PG47;lireListePPT
PPGASVH0;PG48;validerPPT
PPGASVH1;PG49;modifierPPT
PPGASVI0;PG50;lireDroitsOuvrantDroitEtDPR
PPGASVI1;PG51;supprimerDroits
PPGASVI3;PG52;modifierDroits
PPGASVI5;PG53;lireVentilationDroits
PPGASVI7;PG54;calculerDroits
PPGASVI9;PG55;enregistrerDroits
PPGASVJ7;PG56;lireHistoriqueRelationTiersPayeur
PPGASVJ8;PG57;modifierRelationTiersPayeur
PPGASVK1;PG58;lireDPRBeneficiaire
PPGASVK5;PG59;rechercherDPREnCours
PPGASVK6;PG60;lireInfosDPR
PPGASVK7;PG61;enregistrerInfosDPR
PPGASVK8;PG62;lireInfosDroits
PPGASVK9;PG63;calculerDroits
PPGASVKA;PG64;lireInfosRelationConventionTiersPayeur
PPGASVL0;PG65;enregistrerInfosDroits
PPGASVL1;PG66;lireAnomalies
PPGASVL2;PG67;enregistrerDossier
PPGASVL3;PG68;validerDossier
PPGASVM5;PG69;lireDroitsOuvrantDroitEtDPR
PPGASVM6;PG70;supprimerDroits
PPGASVM7;PG71;modifierDroits
PPGASVM8;PG72;lireVentilationDroits
PPGASVM9;PG73;calculerDroits
PPGASVN0;PG74;enregistrerDroits
PPGASVN6;PG75;lireInfosDossier
PPGASVO2;PG76;lireOuvrantDroitEtBeneficiaires
PPGASVO3;PG77;validerReversion
PPGASVO4;PG78;rejeterReversion
PPGASVO5;PG79;calculerCoefficients
PPGASVO6;PG80;calculerReversion
PPGASVO7;PG81;lireConditionsOuvertureDroits
PPGASVO8;PG82;verifierConditionOuvertureDroits
PPGASVO9;PG83;lireDetailsReversion
PPGASVP0;PG84;supprimerDroits
PPGASVP6;PG85;rechercherInstitutionsOrigineDroits
PPGASVP7;PG86;rechercherIndividuCriteres
PPGASVQ5;PG87;lireAnomaliesFluxPRC
PPGASVR1;PG88;lireInfosTache
PPGASVR2;PG89;lireCompteurs
PPGASVS5;PG90;lireDroitsDPR
PPGASVS8;PG91;modifierPeriodicite
PPGASVT2;PG92;lirePeriode
PPGASVT3;PG93;validerPeriode
PPGASVT4;PG94;modifierPeriode
PPGASVT6;PG95;lireProfondeurEngagement
PPGASVT7;PG96;modifierProfondeurEngagement
PPGESV12;PE01;lireLotEncaissement
PPGESV14;PE02;modifierEntreeDeFonds/modifierSortieDeFonds
PPGESV20;PE03;rechercherIndividuParFluxFinancier
PPGESV21;PE04;emettreAttestationPaiement
PPGESV22;PE05;rechercherEngagement
PPGESV30;PE06;rechercherLotsEncaissement
PPGESV31;PE07;lireModelePAR
PPGESV33;PE08;calculerEcheancier/recalculerEcheancier
PPGESV35;SP61;lireDestinataires
PPGESV37;PE09;lireActionRecouvrement
PPGESV38;PE10;lireRemboursementEffectue
PPGESV45;PE11;lireSyntheseDPR
PPGESV46;PE12;lireEcritureElementaire
PPGESV47;PE13;lireEcritureTiersReglementaire
PPGESV48;PE14;lireEngamentIndu
PPGESV49;PE15;lireDetailFluxFinancier
PPGESV50;PE16;rechercherEcrituresGestion
PPGESV51;PE17;rechercherFluxFinancier
PPGESV52;PE18;lireHistoriqueStatut
PPGESV71;PE19;rechercherSortiesFonds
PPGESV72;PE20;modifierSortieFonds
PPGESV74;PE80;rechercherIdAgentPayeur
PPGESV75;PE21;rechercherLotDecaissement
PPGESV76;PE22;validerLotDecaissement
PPGESV77;PE23;rechercherDemandes
PPGESV79;PE24;modifierDemandes
PPGESV82;PE25;validerIdAllocataire
PPGESV84;PE26;rechercherMoyenPaiementInstitution
PPGESV86;PE27;creerDeclarationExterne/creerModifierDeclarationExterne/modifierDeclarationExterne
PPGESV87;PE28;lireDeclarationIntermediaire
PPGESV88;PE29;rechercherEntreesDeFonds
PPGESV89;PE30;lireRemboursement
PPGESV91;PE31;lirePaiementDeclarationExterne
PPGESV92;PE32;lireDemandePriseFonds
PPGESV93;PE33;lireSyntheseDeclarationsExternes
PPGESV94;PE34;rechercherDeclarationsIntermediaires
PPGESV95;PE35;creerTache
PPGESV96;PE36;lireDeclarationExterne
PPGESV98;PE37;rechercherCrediteurs
PPGESV99;PE38;rechercherDebiteurs
PPGESVB1;PE39;modifierLotEncaissement
PPGESVB4;PE40;lireEntreeFondsEtPAR
PPGESVB5;PE41;modifierPAR
PPGESVB6;PE42;annulerPAR
PPGESVB7;PE43;modifierStatutPAR
PPGESVB8;PE44;creerModifierDemandePriseFonds
PPGESVB9;PE45;lireSynthesePAR
PPGESVC1;PE46;lireProcedureRecouvrement
PPGESVC2;PE47;lirePAR
PPGESVC4;PE48;lirePlanRemboursement
PPGESVC5;PE49;creerModifierActionRecouvrement
PPGESVC6;PE50;creerPAR
PPGESVC7;PE51;creerModifierPlanRemboursement
PPGESVC8;PE52;lireHistoriqueStatutPAR
PPGESVC9;PE53;verifierRoleEtPensionAllocataire
PPGESVD1;PE54;lireAttestations
PPGESVD2;PE55;lireDestinataires
PPGESVD3;PE56;emettreAttestationFiscale
PPGESVD4;PE57;verifierTiersDestinataire
PPGESVD5;PE58;rechercherHistoriqueAttestations
PPGESVD6;PE59;rechercherSortiesDeFonds
PPGESVE5;PE60;lireEngagements
PPGESVE6;PE61;rechercherInfosEngagementOrigine
PPGESVE7;PE62;calculerAllocationDPR
PPGESVE8;PE63;rechercherFluxFinanciersAVP
PPGESVE9;PE64;calculerAvancePaiement
PPGESVF0;PE65;rechercherFluxFinanciersHOM
PPGESVF1;PE66;calculerHomonymie
PPGESVF2;PE67;rechercherFluxFinanciersRED
PPGESVF3;PE68;calculerRedistribution
PPGESVF4;PE69;enregistrerOD
PPGESVF5;PE70;annulerOD
PPGESVG0;PE71;lireEngagements
PPGESVG1;PE72;rechercherInfosEngagementOrigine
PPGESVG2;PE73;calculerAllocationDPR
PPGESVG3;PE74;annulerOD
PPGESVG4;PE75;enregistrerOD
PPGESVG5;PE76;calculerNombreTotalPoints
PPGESVH0;PE77;lireEntreesDeFonds
PPGESVH1;PE78;modifierTropPercu
PPGESVH2;PE79;lireMpp
PPSPSV06;SP62;lireAgregat
PRCOSV01;RO01;ajouterMDP
PRCOSV02;RO02;modifierMDP
PRCOSV04;RO04;restituerMDP
PRCOSV05;RO05;mettreAJourAdresse
PRCOSV07;RO07;restituerAdresse
PRCOSV10;RO10;restituerDonneesInterlocution
PRCOSV11;RO11;mettreAJourDonneesInterlocution
PRCOSV15;RO15;controlerAdresse
PRCOSV16;RO16;fermerMDP
PRCOSV17;RO17;restituerHistoriqueAdresse
PRCOSV18;RO18;restituerHistoriqueMDP
PRCOSV28;RO28;restituerLibelleCommune
PRCOSV29;RO29;restituerNbreLignesTrcozfa
PRCOSV40;RO40;restituerAbreviationLibelleVoie
PRCOSV41;RO41;restituerCodePaysValide
PRCOSV44;RO44;controleFormatIdentifiant
PRCOSV45;RO45;restituerAdresseAnticipe
PRCOSV46;RO46;RestituerMDPHistorise
PRCOSV47;RO47;restituerLibelleAdresseBanque
PRCOSV48;RO48;restituerAdressePertinenteAllocataire
PRCOSV49;RO49;restituerAdressesSecondaires
PRCOSV4C;RO4C;restituerCodePaysIso
PRCOSV50;RO50;VerifierAdhesionTelereglementMDP
PRCOSV70;RO70;formatageDonnees
PRCOSV80;RO80;restituerAdresseIndividuAnnule
PRCOSV81;RO81;restituerDonneesInterlocutionIndividuAnnule
PRENSV01;EN01;creerEntreprise
PRENSV02;EN02;restituerListeEtablissementEntreprise
PRENSV04;EN04;restituerEntrepriseEtablissement
PRENSV06;EN06;mettreAJourSommeilEnqueteEntreprise
PRENSV07;EN07;restituerPeriodesDirigeants
PRENSV09;EN09;restituerSommeilEntreprise
PRENSV12;EN12;modifierEntreprise
PRENSV13;EN13;mettreAJourCycleDeVie
PRENSV16;EN16;creerEtablissement
PRENSV17;EN17;modifierEtablissement
PRENSV1N;EN1N;controlerPropagationNAF
PRENSV21;EN21;modifierGroupe
PRENSV23;EN23;controlerHabilitationEntreprise
PRENSV24;EN24;mettreAJourLienInterlocuteur
PRENSV25;EN25;restituerGroupeEntreprise
PRENSV26;EN26;restituerCycleVieEntrepriseEtablissement
PRENSV27;EN27;rechercherGroupe
PRENSV28;EN28;restituerLienInterlocutionDefaut
PRENSV29;EN29;restituerLienInterlocuteur
PRENSV30;EN30;controlerDonneesPrincipalesEtablissement
PRENSV32;EN32;restituerHistoriqueIDExterneEtab
PRENSV34;EN34;restituerDonneesBandeau
PRENSV35;EN35;supprimerAdherent
PRENSV37;EN37;restituerListeIdentifiantsAdherent
PRENSV38;EN38;controlerOperationJuridiqueOut
PRENSV39;EN39;restituerListeTypeIdentifiantEntreprise
PRENSV40;EN40;supprimerEntreprise
PRENSV44;EN44;restituerAdherent
PRENSV45;EN45;restituerListeIdentifiantsAutres
PRENSV46;EN46;restituerHistoriqueSiegeSocial
PRENSV49;EN49;restituerHistoriqueEnseigneEtablissement
PRENSV4E;EN4E;verifierIdentifiantEntreprise
PRENSV4T;EN4T;verifierIdentifiantEtablissement
PRENSV50;EN50;restituerHistoriqueNAFEtablissement
PRENSV51;EN51;restituerHistoriqueCCNEtablissement
PRENSV52;EN52;restituerHistoriqueSyndicatProfessionnel
PRENSV55;EN55;mettreAJourAdherent
PRENSV60;EN60;restituerHistoriqueActiviteEntreprise
PRENSV61;EN61;restituerHistoCategJuridiqueEntreprise
PRENSV62;EN62;restituerHistoFormeJuridiqueEntreprise
PRENSV63;EN63;restituerHistoriqueSigleEntreprise
PRENSV64;EN64;restituerHistoRaisonSocialeEntreprise
PRENSV66;EN66;controlerDonneesPrincipalesEntreprise
PRENSV67;EN67;mettreAJourUnLienDirigeantSalarie
PRENSV69;EN69;ControlerDonneesAdherent
PRENSV6B;EN6B;rechercherLienGroupePourFermeture
PRENSV75;EN75;mettreAJourIdentifiantAutreEntreprise
PRENSV76;EN76;mettreAJourIdentifiantAutreEtablissement
PRENSV79;EN79;controlerCycleDeVie
PRENSV80;EN80;mettreAJourLienInterlocutionParDefaut
PRENSV82;EN82;restituerSignaletiqueTechnique
PRENSV84;EN84;restituerCorrespondanceNAFAncien
PRENSV85;EN85;restituerCritereEntrepriseAderente
PRENSV88;EN88;restituerListeEtablissementAdresse
PRENSV89;EN89;restituerSiegeSocialAdherent
PRENSV98;EN98;restituerCycleVieEntreprise
PRENSV99;EN99;restituerListeCodeCycleVie
PRENSVER;ENER;restituerSecteurProfessionnel
PRINSV01;IN01;creerIndividu
PRINSV02;IN02;modifierIndividu
PRINSV03;IN03;restituerIndividu
PRINSV0B;IN0B;restituerOptionGestionIndividu
PRINSV13;IN13;creerLienFamilialOut
PRINSV14;IN14;modifierLienFamilial
PRINSV15;IN15;restituerListeLienFamilial
PRINSV16;IN16;controlerHabilitationsIndividu
PRINSV17;IN17;controlerAnnulerIndividu
PRINSV18;IN18;restituerDonneesCertificationIndividu
PRINSV24;IN24;restituerAnomalieAdeleNonTraite
PRINSV25;IN25;mAJInformationAdeleSuiteAnomalie
PRINSV28;IN28;restituerFusion
PRINSV29;IN29;restituerFusionTousNiveaux
PRINSV34;IN34;restituerLienInterlocuteur
PRINSV35;IN35;mettreAJourLienInterlocuteurIndividu
PRINSV36;IN36;restituerListeTypeIdentifiantRegime
PRINSV37;IN37;restituerIdentifiantsIndividu
PRINSV38;IN38;restituerSignaletiqueReduiteIndividu
PRINSV39;IN39;mettreAjourDonneesCertification
PRINSV40;IN40;restituerListeRoleIndividu
PRINSV41;IN41;restituerListeRolesIndividu41
PRINSV42;IN42;controlerSignaletiqueIndividu
PRINSV44;IN44;controlerFusion
PRINSV51;IN51;restituerHistoriqueIndividu
PRINSV53;IN53;executerAnnulationIndividu
PRINSV55;IN55;controlerDemandeFusionBatch
PRINSV57;IN57;controlerFusionnerIndividu
PRINSV58;IN58;executerFusionnerIndividu
PRINSV59;IN59;restituerDonneeHistoriqueIndividu
PRINSV80;IN80;restituerDonneesIndividuAnnule
PRINSV81;IN81;restituerDonneesPrestationIndividuOut
PRINSV82;IN82;mettreAJourDonneesPrestationIndividu
PRINSV83;IN83;restituerHistoriqueListeLienFamilial
PRINSV84;IN84;annulerLienFamilial
PRINSV86;IN86;restituerListeLienFamilial2Individu
PRINSV87;IN87;controlerRessourcePrestation
PRINSV93;IN93;restituerRoleIndividuAnnule
PRINSVOG;INOG;testNIRDouble
PRLOSV01;LO01;creerInterlocuteur
PRLOSV02;LO02;modifierInterlocuteur
PRLOSV03;LO03;restituerInterlocuteur
PRLOSV04;LO04;fermerInterlocuteur
PRLOSV06;LO06;restituerHistoriqueInterlocuteur
PRLOSV30;LO30;controlerHabilitationsInterlocuteur
PRMRSV03;MR03;rechercheIndividu
PRMRSV05;MR05;rechercheEntreprise
PRMRSV08;MR08;rechercheTiers
PRMRSV10;MR10;rechercheInterlocuteur
PRMRSV3P;MR3P;rechercheIndividuPerf
PRMRSVPC;MRPC;restituerParametreEtCollection
PRPTSV01;PT01;listerInstitution
PRPTSV02;PT02;restituerAdresseInstitution
PRPTSV03;PT03;restituerRegimeRetraite
PRPTSV04;PT04;restituerSalaireReference
PRPTSV05;PT05;restituerMoisCalendaire
PRPTSV06;PT06;restituerValeurPlafond
PRPTSV07;PT07;restituerValeurTVA
PRPTSV08;PT08;restituerValeurPoint
PRPTSV20;PT20;restituerTauxDevise
PRPTSV31;PT31;restituerInstitution
PRPTSV32;PT32;restituerInstitutionURCREP
PRPTSV33;PT33;restituterMentionLegale
PRPTSV34;PT34;restituerSalaireReferenceNew
PRPTSV36;PT36;restituerValeurPlafondNew
PRPTSV41;PT41;restituerInstitution2
PRPTSV61;PT61;listerInstitutionNew
PRPTSV62;PT62;listerInstitutionRelais
PRPTSV64;PT64;listerSalaireReference
PRPTSV66;PT66;listerValeurPlafond
PRPTSV71;PT71;listerInstitution2
PRPTSV72;PT72;listerInstitutionAllocataire
PRPTSV73;PT73;restituerInstitutionAllocataire
PRPTSV74;PT74;restituerAdresseInstitutionAllocataire
PRTISV01;TI01;restituerTiers
PRTISV02;TI02;creerTiers
PRTISV03;TI03;modifierTiers
PRTISV04;TI04;fermerTiers
PRTISV09;TI09;creerRoleTiers
PRTISV0B;TI0B;rechercheCodeFamilleSEPA
PRTISV10;TI10;fermerRoleTiers
PRTISV12;TI12;modifierRoleTiers
PRTISV18;TI18;restituerHistoriqueTiers
PRTISV80;TI80;restituerNatureFamilleTiers
PRTISV81;TI81;restituerFamilleTypeTiers
PRTISV99;TI99;restituerListeRoleTiersParType
PXLCMT01;G500;rechercherPiecesECD
PXLCMT02;G502;rechercherLignesDetailsPiecesECD
PXLCMT03;G503;visualiserPi�ceECDEtLignesDetailsECD
PXLCMT04;G501;visualisationDetailsligneECD
PXLCMT05;G504;rechercherListeLibelles
PYSYSG01;YY01;wsCreerDemandeSynchronisation
PYSYSG02;YY02;wsAcquitterNotificationSynchronisation
PYSYSG03;YY03;wsRecyclerErreur
PYSYSV02;YY02;acquitterNotificationSynchronisation
PYSYSV03;YY03;recyclerErreur
PYSYSV04;YY04;restituerNotification
PYSYSV13;YY13;controlerHabilitation
PYSYSV14;YY14;restitutionCouplesSystemeApplication
PYSYSV15;YY15;restituerListeAnomalies
PYSYSV16;YY16;rechercherDemande
PZ00SV27;0V27;restituerNivTracePourUtilsateur
PZ00SVDV;0VDV;restituerDV
PZ00SVE0;0VE0;rechercheJobsTermines
PZ00SVE1;0VE1;chargerListeCompteRendu
PZ00SVE2;0VE2;chargerListeAnomalie
PZ00SVE3;0VE3;detailAnomalie
PZ00SVE6;0VE6;lireListeCompteurAnomalieFonctionnelle
PZ00SVQM;0VQM;resoudreQuiMaj
PZ00SVSJ;0VSJ;rechercheJobsEnCours
PZGSSV20;SZ72;lireSequenceUtilisateur
PZGSSV24;SZ73;lireParamIntegrationUsineRetraite
PZGSSV25;SZ74;lireParamSessionSecurite
PZGSSV26;ZS26;lireParamLDAP
PZGSSV27;SZ75;lireParamSAML
PZGSSV28;SZ76;lireParamSecurite
PZPASV28;ZA28;lireParametresTechniques
